id,personalDetails,rugbyProfile,physicalAttributes,testResults,skills,gameStats,contributionsData,cohesionMetrics,contractInfo,characterProfile,physicalPerformance,injuries,reports,activities,videoAnalysis,status,aiRating,createdAt,updatedAt
james-mitchell,"{""email"":""james.mitchell@northharbour.rugby"",""phone"":""+64 21 123 4567"",""address"":""123 Rugby Street, Auckland"",""lastName"":""Mitchell"",""firstName"":""James"",""dateOfBirth"":""2001-03-15"",""emergencyContact"":{""name"":""Sarah Mitchell"",""phone"":""+64 21 765 4321"",""relationship"":""Mother""}}","{""yearsInTeam"":3,""jerseyNumber"":7,""playingLevel"":""Professional"",""previousClubs"":[""Auckland Grammar"",""Auckland U19""],""primaryPosition"":""Flanker"",""secondaryPositions"":[""Number 8"",""Lock""]}","[{""date"":""2024-01-15"",""height"":188,""weight"":103,""bodyFat"":9,""leanMass"":93.7},{""date"":""2024-02-15"",""height"":188,""weight"":104,""bodyFat"":8.5,""leanMass"":95.2},{""date"":""2024-03-15"",""height"":188,""weight"":105,""bodyFat"":8.2,""leanMass"":96.4}]","[{""date"":""2024-03-10"",""unit"":""kg"",""value"":130,""testType"":""bench_press""},{""date"":""2024-03-10"",""unit"":""kg"",""value"":185,""testType"":""squat""},{""date"":""2024-03-10"",""unit"":""s"",""value"":5.1,""testType"":""sprint_40m""},{""date"":""2024-03-10"",""unit"":""level"",""value"":18.2,""testType"":""yo_yo""},{""date"":""2024-03-10"",""unit"":""ml/kg/min"",""value"":58.2,""testType"":""vo2_max""}]","{""defense"":8,""kicking"":6,""passing"":7,""rucking"":9,""scrummaging"":7,""ballHandling"":8,""communication"":7,""lineoutThrowing"":5}","[{""tries"":4,""season"":""2023"",""tackles"":128,""penalties"":8,""turnovers"":18,""lineoutWins"":32,""matchesPlayed"":12,""minutesPlayed"":1058},{""tries"":6,""season"":""2024"",""tackles"":142,""penalties"":6,""turnovers"":23,""lineoutWins"":38,""matchesPlayed"":14,""minutesPlayed"":1247}]",,,,,,"[]","[{""id"":""r1"",""date"":""2024-03-15"",""type"":""coach"",""title"":""Performance Review - March 2024"",""author"":""Coach Thompson"",""content"":""Excellent progress in lineout work..."",""lastUpdated"":""2024-03-15""},{""id"":""r2"",""date"":""2024-03-08"",""type"":""medical"",""title"":""Medical Clearance"",""author"":""Dr. Smith"",""content"":""Cleared for full contact..."",""lastUpdated"":""2024-03-08""}]","[{""id"":""a1"",""date"":""2024-03-20"",""type"":""test"",""details"":""Strength & conditioning assessment"",""description"":""Physical Test Completed""},{""id"":""a2"",""date"":""2024-03-18"",""type"":""match"",""details"":""75 minutes vs Auckland"",""description"":""Match Performance""},{""id"":""a3"",""date"":""2024-03-15"",""type"":""meeting"",""details"":""Performance feedback session"",""description"":""Coach Review""}]","[]","{""fitness"":""available"",""medical"":""cleared""}","{""overall"":87,""skillset"":85,""potential"":84,""gameImpact"":89,""lastUpdated"":""2024-03-20"",""physicality"":92}","""2025-05-24T01:19:52.976Z""","""2025-05-24T01:19:52.976Z"""
tane_edmed,"{""email"":""tane.edmed@northharbour.co.nz"",""phone"":""+64 21 8817069"",""lastName"":""Edmed"",""firstName"":""Tane"",""dateOfBirth"":""2000-04-29""}","{""clubHistory"":[""North Harbour Rugby""],""yearsInTeam"":3,""jerseyNumber"":10,""primaryPosition"":""Fly-half"",""secondaryPositions"":[]}","[{""date"":""2024-06-01"",""height"":183,""weight"":96,""bodyFat"":8,""muscleMass"":76}]","[{""date"":""2024-06-01"",""squat"":137,""beepTest"":12,""sprint40m"":5.25929748612671,""benchPress"":101,""verticalJump"":65}]","{""defense"":6,""passing"":9,""ballHandling"":9,""communication"":9}","[{""tries"":3,""season"":""2024"",""tackles"":33,""penalties"":2,""turnovers"":4,""matchesPlayed"":12}]",,,,,,"[]","[]","[]","[]","{""fitness"":""available"",""medical"":""cleared"",""availability"":""available""}","{""overall"":88,""skillset"":93,""potential"":94,""gameImpact"":90,""lastUpdated"":""2024-06-13"",""physicality"":82}","""2025-06-13T04:13:10.914Z""","""2025-06-19T08:51:51.176Z"""
jake_thompson,"{""email"":""jake.thompson@northharbour.co.nz"",""phone"":""+64 21 2345678"",""address"":""North Harbour, Auckland"",""lastName"":""Thompson"",""firstName"":""Jake"",""dateOfBirth"":""1996-03-15"",""emergencyContact"":{""name"":""Emergency Contact"",""phone"":""+64 21 2345679"",""relationship"":""Family""}}","{""yearsInTeam"":3,""jerseyNumber"":2,""playingLevel"":""Professional"",""previousClubs"":[""North Harbour Rugby""],""primaryPosition"":""Hooker"",""secondaryPositions"":[]}","[{""date"":""2024-06-01"",""height"":185,""weight"":95,""bodyFat"":12,""muscleMass"":83}]","[{""date"":""2024-06-01"",""squat"":160,""beepTest"":14,""sprint40m"":5.2,""benchPress"":120,""verticalJump"":58}]","{""defense"":8,""kicking"":6,""passing"":7,""rucking"":8,""scrummaging"":8,""ballHandling"":8,""communication"":9,""lineoutThrowing"":9}","[{""tries"":1,""season"":""2024"",""tackles"":45,""penalties"":3,""turnovers"":2,""matchesPlayed"":12}]",,,,,,"[]","[]","[]","[]","{""fitness"":""available"",""medical"":""cleared"",""availability"":""available""}",,"""2025-06-19T08:53:30.476Z""","""2025-06-19T08:53:30.476Z"""
mike_wilson,"{""email"":""mike.wilson@northharbour.co.nz"",""phone"":""+64 21 3456789"",""address"":""North Harbour, Auckland"",""lastName"":""Wilson"",""firstName"":""Mike"",""dateOfBirth"":""1995-07-22"",""emergencyContact"":{""name"":""Emergency Contact"",""phone"":""+64 21 3456790"",""relationship"":""Family""}}","{""yearsInTeam"":4,""jerseyNumber"":1,""playingLevel"":""Professional"",""previousClubs"":[""North Harbour Rugby""],""primaryPosition"":""Prop"",""secondaryPositions"":[]}","[{""date"":""2024-06-01"",""height"":180,""weight"":115,""bodyFat"":15,""muscleMass"":97}]","[{""date"":""2024-06-01"",""squat"":180,""beepTest"":12,""sprint40m"":5.8,""benchPress"":140,""verticalJump"":52}]","{""defense"":9,""kicking"":5,""passing"":6,""rucking"":8,""scrummaging"":9,""ballHandling"":6,""communication"":7,""lineoutThrowing"":5}","[{""tries"":0,""season"":""2024"",""tackles"":38,""penalties"":5,""turnovers"":1,""matchesPlayed"":15}]",,,,,,"[]","[]","[]","[]","{""fitness"":""available"",""medical"":""cleared"",""availability"":""available""}",,"""2025-06-19T08:53:30.476Z""","""2025-06-19T08:53:30.476Z"""
sam_roberts,"{""email"":""sam.roberts@northharbour.co.nz"",""phone"":""+64 21 4567890"",""address"":""North Harbour, Auckland"",""lastName"":""Roberts"",""firstName"":""Sam"",""dateOfBirth"":""1997-11-08"",""emergencyContact"":{""name"":""Emergency Contact"",""phone"":""+64 21 4567891"",""relationship"":""Family""}}","{""yearsInTeam"":2,""jerseyNumber"":4,""playingLevel"":""Professional"",""previousClubs"":[""North Harbour Rugby""],""primaryPosition"":""Lock"",""secondaryPositions"":[]}","[{""date"":""2024-06-01"",""height"":200,""weight"":105,""bodyFat"":10,""muscleMass"":94}]","[{""date"":""2024-06-01"",""squat"":170,""beepTest"":13,""sprint40m"":5.5,""benchPress"":130,""verticalJump"":65}]","{""defense"":8,""kicking"":5,""passing"":6,""rucking"":9,""scrummaging"":8,""ballHandling"":7,""communication"":8,""lineoutThrowing"":8}","[{""tries"":2,""season"":""2024"",""tackles"":52,""penalties"":4,""turnovers"":3,""matchesPlayed"":14}]",,,,,,"[]","[]","[]","[]","{""fitness"":""available"",""medical"":""cleared"",""availability"":""available""}",,"""2025-06-19T08:53:30.476Z""","""2025-06-19T08:53:30.476Z"""
penaia_cakobau,"{""email"":""penaia.cakobau@northharbour.co.nz"",""phone"":""+64 21 5678901"",""address"":""North Harbour, Auckland"",""lastName"":""Cakobau"",""firstName"":""Penaia"",""dateOfBirth"":""1998-05-10"",""emergencyContact"":{""name"":""Emergency Contact"",""phone"":""+64 21 5678902"",""relationship"":""Family""}}","{""yearsInTeam"":2,""jerseyNumber"":16,""playingLevel"":""Professional"",""previousClubs"":[""North Harbour Rugby""],""primaryPosition"":""Hooker"",""secondaryPositions"":[]}","[{""date"":""2024-06-01"",""height"":182,""weight"":92,""bodyFat"":11,""muscleMass"":81}]","[{""date"":""2024-06-01"",""squat"":155,""beepTest"":15,""sprint40m"":5.1,""benchPress"":115,""verticalJump"":60}]","{""defense"":7,""kicking"":6,""passing"":8,""rucking"":8,""scrummaging"":7,""ballHandling"":8,""communication"":8,""lineoutThrowing"":9}","[{""tries"":3,""season"":""2024"",""tackles"":32,""penalties"":2,""turnovers"":4,""matchesPlayed"":10}]",,,,,,"[]","[]","[]","[]","{""fitness"":""available"",""medical"":""cleared"",""availability"":""available""}",,"""2025-06-19T08:54:22.084Z""","""2025-06-19T08:54:22.084Z"""
david_havili,"{""email"":""david.havili@northharbour.co.nz"",""phone"":""+64 21 6789012"",""address"":""North Harbour, Auckland"",""lastName"":""Havili"",""firstName"":""David"",""dateOfBirth"":""1994-12-21"",""emergencyContact"":{""name"":""Emergency Contact"",""phone"":""+64 21 6789013"",""relationship"":""Family""}}","{""yearsInTeam"":5,""jerseyNumber"":12,""playingLevel"":""Professional"",""previousClubs"":[""Crusaders"",""Canterbury""],""primaryPosition"":""Centre"",""secondaryPositions"":[""Fullback""]}","[{""date"":""2024-06-01"",""height"":185,""weight"":88,""bodyFat"":8,""muscleMass"":80}]","[{""date"":""2024-06-01"",""squat"":145,""beepTest"":16,""sprint40m"":4.8,""benchPress"":105,""verticalJump"":65}]","{""defense"":8,""kicking"":8,""passing"":9,""rucking"":7,""scrummaging"":6,""ballHandling"":9,""communication"":9,""lineoutThrowing"":5}","[{""tries"":8,""season"":""2024"",""tackles"":45,""penalties"":1,""turnovers"":2,""matchesPlayed"":16}]",,,,,,"[]","[]","[]","[]","{""fitness"":""available"",""medical"":""cleared"",""availability"":""available""}",,"""2025-06-19T08:54:22.084Z""","""2025-06-19T08:54:22.084Z"""
rieko_ioane,"{""email"":""rieko.ioane@northharbour.co.nz"",""phone"":""+64 21 7890123"",""address"":""North Harbour, Auckland"",""lastName"":""Ioane"",""firstName"":""Rieko"",""dateOfBirth"":""1997-05-18"",""emergencyContact"":{""name"":""Emergency Contact"",""phone"":""+64 21 7890124"",""relationship"":""Family""}}","{""yearsInTeam"":6,""jerseyNumber"":11,""playingLevel"":""International"",""previousClubs"":[""Blues"",""Auckland""],""primaryPosition"":""Wing"",""secondaryPositions"":[""Centre""]}","[{""date"":""2024-06-01"",""height"":188,""weight"":85,""bodyFat"":7,""muscleMass"":78}]","[{""date"":""2024-06-01"",""squat"":140,""beepTest"":17,""sprint40m"":4.5,""benchPress"":100,""verticalJump"":70}]","{""defense"":8,""kicking"":7,""passing"":8,""rucking"":7,""scrummaging"":6,""ballHandling"":9,""communication"":8,""lineoutThrowing"":5}","[{""tries"":12,""season"":""2024"",""tackles"":38,""penalties"":1,""turnovers"":3,""matchesPlayed"":15}]",,,,,,"[]","[]","[]","[]","{""fitness"":""available"",""medical"":""cleared"",""availability"":""available""}",,"""2025-06-19T08:54:22.084Z""","""2025-06-19T08:54:22.084Z"""
akira_ioane,"{""email"":""akira.ioane@northharbour.co.nz"",""phone"":""+64 21 8901234"",""address"":""North Harbour, Auckland"",""lastName"":""Ioane"",""firstName"":""Akira"",""dateOfBirth"":""1995-04-16"",""emergencyContact"":{""name"":""Emergency Contact"",""phone"":""+64 21 8901235"",""relationship"":""Family""}}","{""yearsInTeam"":7,""jerseyNumber"":6,""playingLevel"":""International"",""previousClubs"":[""Blues"",""Auckland""],""primaryPosition"":""Blindside Flanker"",""secondaryPositions"":[""Number 8""]}","[{""date"":""2024-06-01"",""height"":193,""weight"":105,""bodyFat"":9,""muscleMass"":95}]","[{""date"":""2024-06-01"",""squat"":175,""beepTest"":15,""sprint40m"":4.9,""benchPress"":135,""verticalJump"":68}]","{""defense"":9,""kicking"":6,""passing"":7,""rucking"":9,""scrummaging"":8,""ballHandling"":8,""communication"":8,""lineoutThrowing"":6}","[{""tries"":4,""season"":""2024"",""tackles"":62,""penalties"":3,""turnovers"":5,""matchesPlayed"":18}]",,,,,,"[]","[]","[]","[]","{""fitness"":""available"",""medical"":""cleared"",""availability"":""available""}",,"""2025-06-19T08:54:22.084Z""","""2025-06-19T08:54:22.084Z"""
beauden_barrett,"{""email"":""beauden.barrett@northharbour.co.nz"",""phone"":""+64 21 9012345"",""address"":""North Harbour, Auckland"",""lastName"":""Barrett"",""firstName"":""Beauden"",""dateOfBirth"":""1991-05-27"",""emergencyContact"":{""name"":""Emergency Contact"",""phone"":""+64 21 9012346"",""relationship"":""Family""}}","{""yearsInTeam"":3,""jerseyNumber"":10,""playingLevel"":""International"",""previousClubs"":[""Hurricanes"",""Taranaki""],""primaryPosition"":""Fly-half"",""secondaryPositions"":[""Fullback""]}","[{""date"":""2024-06-01"",""height"":185,""weight"":82,""bodyFat"":6,""muscleMass"":76}]","[{""date"":""2024-06-01"",""squat"":135,""beepTest"":18,""sprint40m"":4.6,""benchPress"":95,""verticalJump"":72}]","{""defense"":7,""kicking"":10,""passing"":9,""rucking"":6,""scrummaging"":5,""ballHandling"":9,""communication"":10,""lineoutThrowing"":5}","[{""tries"":6,""season"":""2024"",""tackles"":28,""penalties"":2,""turnovers"":1,""matchesPlayed"":14}]",,,,,,"[]","[]","[]","[]","{""fitness"":""available"",""medical"":""cleared"",""availability"":""available""}",,"""2025-06-19T08:54:22.084Z""","""2025-06-19T08:54:22.084Z"""
ardie_savea,"{""email"":""ardie.savea@northharbour.co.nz"",""phone"":""+64 21 1234567"",""address"":""North Harbour, Auckland"",""lastName"":""Savea"",""firstName"":""Ardie"",""dateOfBirth"":""1993-10-14"",""emergencyContact"":{""name"":""Emergency Contact"",""phone"":""+64 21 1234568"",""relationship"":""Family""}}","{""yearsInTeam"":2,""jerseyNumber"":8,""playingLevel"":""International"",""previousClubs"":[""Hurricanes"",""Wellington""],""primaryPosition"":""Number 8"",""secondaryPositions"":[""Openside Flanker""]}","[{""date"":""2024-06-01"",""height"":185,""weight"":98,""bodyFat"":8,""muscleMass"":89}]","[{""date"":""2024-06-01"",""squat"":165,""beepTest"":16,""sprint40m"":4.7,""benchPress"":125,""verticalJump"":75}]","{""defense"":9,""kicking"":6,""passing"":8,""rucking"":9,""scrummaging"":7,""ballHandling"":9,""communication"":9,""lineoutThrowing"":6}","[{""tries"":7,""season"":""2024"",""tackles"":58,""penalties"":2,""turnovers"":6,""matchesPlayed"":17}]",,,,,,"[]","[]","[]","[]","{""fitness"":""available"",""medical"":""cleared"",""availability"":""available""}",,"""2025-06-19T08:54:51.748Z""","""2025-06-19T08:54:51.748Z"""
dalton_papalii,"{""email"":""dalton.papalii@northharbour.co.nz"",""phone"":""+64 21 2345678"",""address"":""North Harbour, Auckland"",""lastName"":""Papalii"",""firstName"":""Dalton"",""dateOfBirth"":""1997-03-05"",""emergencyContact"":{""name"":""Emergency Contact"",""phone"":""+64 21 2345679"",""relationship"":""Family""}}","{""yearsInTeam"":4,""jerseyNumber"":7,""playingLevel"":""International"",""previousClubs"":[""Blues"",""Auckland""],""primaryPosition"":""Openside Flanker"",""secondaryPositions"":[""Blindside Flanker""]}","[{""date"":""2024-06-01"",""height"":188,""weight"":95,""bodyFat"":9,""muscleMass"":86}]","[{""date"":""2024-06-01"",""squat"":160,""beepTest"":15,""sprint40m"":4.8,""benchPress"":120,""verticalJump"":65}]","{""defense"":9,""kicking"":5,""passing"":7,""rucking"":9,""scrummaging"":7,""ballHandling"":8,""communication"":8,""lineoutThrowing"":6}","[{""tries"":3,""season"":""2024"",""tackles"":72,""penalties"":3,""turnovers"":8,""matchesPlayed"":19}]",,,,,,"[]","[]","[]","[]","{""fitness"":""available"",""medical"":""cleared"",""availability"":""available""}",,"""2025-06-19T08:54:51.748Z""","""2025-06-19T08:54:51.748Z"""
patrick_tuipulotu,"{""email"":""patrick.tuipulotu@northharbour.co.nz"",""phone"":""+64 21 3456789"",""address"":""North Harbour, Auckland"",""lastName"":""Tuipulotu"",""firstName"":""Patrick"",""dateOfBirth"":""1993-01-21"",""emergencyContact"":{""name"":""Emergency Contact"",""phone"":""+64 21 3456790"",""relationship"":""Family""}}","{""yearsInTeam"":8,""jerseyNumber"":5,""playingLevel"":""International"",""previousClubs"":[""Blues"",""Auckland""],""primaryPosition"":""Lock"",""secondaryPositions"":[]}","[{""date"":""2024-06-01"",""height"":203,""weight"":115,""bodyFat"":11,""muscleMass"":102}]","[{""date"":""2024-06-01"",""squat"":185,""beepTest"":13,""sprint40m"":5.4,""benchPress"":145,""verticalJump"":68}]","{""defense"":8,""kicking"":5,""passing"":7,""rucking"":8,""scrummaging"":9,""ballHandling"":7,""communication"":9,""lineoutThrowing"":9}","[{""tries"":1,""season"":""2024"",""tackles"":48,""penalties"":4,""turnovers"":2,""matchesPlayed"":16}]",,,,,,"[]","[]","[]","[]","{""fitness"":""available"",""medical"":""cleared"",""availability"":""available""}",,"""2025-06-19T08:54:51.748Z""","""2025-06-19T08:54:51.748Z"""
finlay_christie,"{""email"":""finlay.christie@northharbour.co.nz"",""phone"":""+64 21 4567890"",""address"":""North Harbour, Auckland"",""lastName"":""Christie"",""firstName"":""Finlay"",""dateOfBirth"":""1996-08-12"",""emergencyContact"":{""name"":""Emergency Contact"",""phone"":""+64 21 4567891"",""relationship"":""Family""}}","{""yearsInTeam"":5,""jerseyNumber"":9,""playingLevel"":""International"",""previousClubs"":[""Blues"",""Tasman""],""primaryPosition"":""Scrum-half"",""secondaryPositions"":[]}","[{""date"":""2024-06-01"",""height"":175,""weight"":78,""bodyFat"":7,""muscleMass"":72}]","[{""date"":""2024-06-01"",""squat"":125,""beepTest"":17,""sprint40m"":4.4,""benchPress"":85,""verticalJump"":58}]","{""defense"":7,""kicking"":8,""passing"":10,""rucking"":7,""scrummaging"":6,""ballHandling"":9,""communication"":10,""lineoutThrowing"":5}","[{""tries"":4,""season"":""2024"",""tackles"":32,""penalties"":1,""turnovers"":2,""matchesPlayed"":18}]",,,,,,"[]","[]","[]","[]","{""fitness"":""available"",""medical"":""cleared"",""availability"":""available""}",,"""2025-06-19T08:54:51.748Z""","""2025-06-19T08:54:51.748Z"""
mark_telea,"{""email"":""mark.telea@northharbour.co.nz"",""phone"":""+64 21 5678901"",""address"":""North Harbour, Auckland"",""lastName"":""Telea"",""firstName"":""Mark"",""dateOfBirth"":""1997-02-28"",""emergencyContact"":{""name"":""Emergency Contact"",""phone"":""+64 21 5678902"",""relationship"":""Family""}}","{""yearsInTeam"":4,""jerseyNumber"":14,""playingLevel"":""International"",""previousClubs"":[""Blues"",""Auckland""],""primaryPosition"":""Wing"",""secondaryPositions"":[""Fullback""]}","[{""date"":""2024-06-01"",""height"":183,""weight"":87,""bodyFat"":8,""muscleMass"":79}]","[{""date"":""2024-06-01"",""squat"":138,""beepTest"":16,""sprint40m"":4.5,""benchPress"":98,""verticalJump"":67}]","{""defense"":8,""kicking"":7,""passing"":8,""rucking"":7,""scrummaging"":6,""ballHandling"":9,""communication"":8,""lineoutThrowing"":5}","[{""tries"":9,""season"":""2024"",""tackles"":41,""penalties"":1,""turnovers"":3,""matchesPlayed"":16}]",,,,,,"[]","[]","[]","[]","{""fitness"":""available"",""medical"":""cleared"",""availability"":""available""}",,"""2025-06-19T08:54:51.748Z""","""2025-06-19T08:54:51.748Z"""
caleb_clarke,"{""email"":""caleb.clarke@northharbour.co.nz"",""phone"":""+64 21 6789012"",""address"":""North Harbour, Auckland"",""lastName"":""Clarke"",""firstName"":""Caleb"",""dateOfBirth"":""1998-11-03"",""emergencyContact"":{""name"":""Emergency Contact"",""phone"":""+64 21 6789013"",""relationship"":""Family""}}","{""yearsInTeam"":3,""jerseyNumber"":15,""playingLevel"":""International"",""previousClubs"":[""Blues"",""Auckland""],""primaryPosition"":""Wing"",""secondaryPositions"":[""Fullback""]}","[{""date"":""2024-06-01"",""height"":187,""weight"":92,""bodyFat"":7,""muscleMass"":85}]","[{""date"":""2024-06-01"",""squat"":150,""beepTest"":16,""sprint40m"":4.4,""benchPress"":110,""verticalJump"":73}]","{""defense"":8,""kicking"":7,""passing"":8,""rucking"":8,""scrummaging"":6,""ballHandling"":9,""communication"":8,""lineoutThrowing"":5}","[{""tries"":11,""season"":""2024"",""tackles"":35,""penalties"":2,""turnovers"":4,""matchesPlayed"":14}]",,,,,,"[]","[]","[]","[]","{""fitness"":""available"",""medical"":""cleared"",""availability"":""available""}",,"""2025-06-19T08:55:35.270Z""","""2025-06-19T08:55:35.270Z"""
stephen_perofeta,"{""email"":""stephen.perofeta@northharbour.co.nz"",""phone"":""+64 21 7890123"",""address"":""North Harbour, Auckland"",""lastName"":""Perofeta"",""firstName"":""Stephen"",""dateOfBirth"":""1996-09-15"",""emergencyContact"":{""name"":""Emergency Contact"",""phone"":""+64 21 7890124"",""relationship"":""Family""}}","{""yearsInTeam"":4,""jerseyNumber"":22,""playingLevel"":""Professional"",""previousClubs"":[""Blues"",""Taranaki""],""primaryPosition"":""Fullback"",""secondaryPositions"":[""Fly-half""]}","[{""date"":""2024-06-01"",""height"":182,""weight"":84,""bodyFat"":8,""muscleMass"":77}]","[{""date"":""2024-06-01"",""squat"":135,""beepTest"":17,""sprint40m"":4.7,""benchPress"":95,""verticalJump"":65}]","{""defense"":7,""kicking"":9,""passing"":8,""rucking"":6,""scrummaging"":5,""ballHandling"":9,""communication"":8,""lineoutThrowing"":5}","[{""tries"":5,""season"":""2024"",""tackles"":28,""penalties"":1,""turnovers"":2,""matchesPlayed"":12}]",,,,,,"[]","[]","[]","[]","{""fitness"":""available"",""medical"":""cleared"",""availability"":""available""}",,"""2025-06-19T08:55:35.270Z""","""2025-06-19T08:55:35.270Z"""
tom_robinson,"{""email"":""tom.robinson@northharbour.co.nz"",""phone"":""+64 21 8901234"",""address"":""North Harbour, Auckland"",""lastName"":""Robinson"",""firstName"":""Tom"",""dateOfBirth"":""1997-06-20"",""emergencyContact"":{""name"":""Emergency Contact"",""phone"":""+64 21 8901235"",""relationship"":""Family""}}","{""yearsInTeam"":3,""jerseyNumber"":20,""playingLevel"":""Professional"",""previousClubs"":[""Blues"",""Auckland""],""primaryPosition"":""Flanker"",""secondaryPositions"":[""Number 8""]}","[{""date"":""2024-06-01"",""height"":190,""weight"":100,""bodyFat"":9,""muscleMass"":91}]","[{""date"":""2024-06-01"",""squat"":165,""beepTest"":14,""sprint40m"":5,""benchPress"":125,""verticalJump"":62}]","{""defense"":8,""kicking"":5,""passing"":7,""rucking"":9,""scrummaging"":8,""ballHandling"":7,""communication"":7,""lineoutThrowing"":6}","[{""tries"":2,""season"":""2024"",""tackles"":55,""penalties"":4,""turnovers"":6,""matchesPlayed"":13}]",,,,,,"[]","[]","[]","[]","{""fitness"":""available"",""medical"":""cleared"",""availability"":""available""}",,"""2025-06-19T08:55:35.270Z""","""2025-06-19T08:55:35.270Z"""
hoskins_sotutu,"{""email"":""hoskins.sotutu@northharbour.co.nz"",""phone"":""+64 21 9012345"",""address"":""North Harbour, Auckland"",""lastName"":""Sotutu"",""firstName"":""Hoskins"",""dateOfBirth"":""1999-01-11"",""emergencyContact"":{""name"":""Emergency Contact"",""phone"":""+64 21 9012346"",""relationship"":""Family""}}","{""yearsInTeam"":4,""jerseyNumber"":19,""playingLevel"":""International"",""previousClubs"":[""Blues"",""Auckland""],""primaryPosition"":""Number 8"",""secondaryPositions"":[""Lock""]}","[{""date"":""2024-06-01"",""height"":196,""weight"":108,""bodyFat"":10,""muscleMass"":97}]","[{""date"":""2024-06-01"",""squat"":170,""beepTest"":14,""sprint40m"":5.1,""benchPress"":130,""verticalJump"":66}]","{""defense"":8,""kicking"":6,""passing"":7,""rucking"":9,""scrummaging"":8,""ballHandling"":8,""communication"":8,""lineoutThrowing"":7}","[{""tries"":3,""season"":""2024"",""tackles"":48,""penalties"":3,""turnovers"":5,""matchesPlayed"":15}]",,,,,,"[]","[]","[]","[]","{""fitness"":""available"",""medical"":""cleared"",""availability"":""available""}",,"""2025-06-19T08:55:35.270Z""","""2025-06-19T08:55:35.270Z"""
ofa_tuungafasi,"{""email"":""ofa.tuungafasi@northharbour.co.nz"",""phone"":""+64 21 1234567"",""address"":""North Harbour, Auckland"",""lastName"":""Tuungafasi"",""firstName"":""Ofa"",""dateOfBirth"":""1992-03-12"",""emergencyContact"":{""name"":""Emergency Contact"",""phone"":""+64 21 1234568"",""relationship"":""Family""}}","{""yearsInTeam"":6,""jerseyNumber"":3,""playingLevel"":""International"",""previousClubs"":[""Blues"",""Auckland""],""primaryPosition"":""Prop"",""secondaryPositions"":[]}","[{""date"":""2024-06-01"",""height"":185,""weight"":120,""bodyFat"":14,""muscleMass"":103}]","[{""date"":""2024-06-01"",""squat"":190,""beepTest"":11,""sprint40m"":5.6,""benchPress"":150,""verticalJump"":50}]","{""defense"":8,""kicking"":5,""passing"":6,""rucking"":8,""scrummaging"":9,""ballHandling"":6,""communication"":7,""lineoutThrowing"":5}","[{""tries"":1,""season"":""2024"",""tackles"":42,""penalties"":6,""turnovers"":1,""matchesPlayed"":17}]",,,,,,"[]","[]","[]","[]","{""fitness"":""available"",""medical"":""cleared"",""availability"":""available""}",,"""2025-06-19T08:55:35.270Z""","""2025-06-19T08:55:35.270Z"""
karl_tuinukuafe,"{""email"":""karl.tuinukuafe@northharbour.co.nz"",""phone"":""+64 21 2345678"",""address"":""North Harbour, Auckland"",""lastName"":""Tuinukuafe"",""firstName"":""Karl"",""dateOfBirth"":""1991-07-08"",""emergencyContact"":{""name"":""Emergency Contact"",""phone"":""+64 21 2345679"",""relationship"":""Family""}}","{""yearsInTeam"":7,""jerseyNumber"":17,""playingLevel"":""International"",""previousClubs"":[""Blues"",""North Harbour""],""primaryPosition"":""Prop"",""secondaryPositions"":[]}","[{""date"":""2024-06-01"",""height"":180,""weight"":118,""bodyFat"":15,""muscleMass"":100}]","[{""date"":""2024-06-01"",""squat"":185,""beepTest"":10,""sprint40m"":5.7,""benchPress"":145,""verticalJump"":48}]","{""defense"":8,""kicking"":4,""passing"":6,""rucking"":8,""scrummaging"":9,""ballHandling"":6,""communication"":7,""lineoutThrowing"":5}","[{""tries"":0,""season"":""2024"",""tackles"":38,""penalties"":5,""turnovers"":2,""matchesPlayed"":14}]",,,,,,"[]","[]","[]","[]","{""fitness"":""available"",""medical"":""cleared"",""availability"":""available""}",,"""2025-06-19T08:55:35.270Z""","""2025-06-19T08:55:35.270Z"""
kurt_eklund,"{""email"":""kurt.eklund@northharbour.co.nz"",""phone"":""+64 21 3456789"",""address"":""North Harbour, Auckland"",""lastName"":""Eklund"",""firstName"":""Kurt"",""dateOfBirth"":""1998-12-04"",""emergencyContact"":{""name"":""Emergency Contact"",""phone"":""+64 21 3456790"",""relationship"":""Family""}}","{""yearsInTeam"":2,""jerseyNumber"":18,""playingLevel"":""Professional"",""previousClubs"":[""Blues"",""Auckland""],""primaryPosition"":""Hooker"",""secondaryPositions"":[]}","[{""date"":""2024-06-01"",""height"":183,""weight"":95,""bodyFat"":11,""muscleMass"":84}]","[{""date"":""2024-06-01"",""squat"":158,""beepTest"":14,""sprint40m"":5.2,""benchPress"":118,""verticalJump"":59}]","{""defense"":8,""kicking"":6,""passing"":7,""rucking"":8,""scrummaging"":7,""ballHandling"":8,""communication"":8,""lineoutThrowing"":8}","[{""tries"":2,""season"":""2024"",""tackles"":35,""penalties"":3,""turnovers"":3,""matchesPlayed"":11}]",,,,,,"[]","[]","[]","[]","{""fitness"":""available"",""medical"":""cleared"",""availability"":""available""}",,"""2025-06-19T08:55:35.270Z""","""2025-06-19T08:55:35.270Z"""
josh_goodhue,"{""email"":""josh.goodhue@northharbour.co.nz"",""phone"":""+64 21 4567890"",""address"":""North Harbour, Auckland"",""lastName"":""Goodhue"",""firstName"":""Josh"",""dateOfBirth"":""1995-04-25"",""emergencyContact"":{""name"":""Emergency Contact"",""phone"":""+64 21 4567891"",""relationship"":""Family""}}","{""yearsInTeam"":5,""jerseyNumber"":21,""playingLevel"":""Professional"",""previousClubs"":[""Blues"",""Northland""],""primaryPosition"":""Lock"",""secondaryPositions"":[]}","[{""date"":""2024-06-01"",""height"":198,""weight"":110,""bodyFat"":12,""muscleMass"":97}]","[{""date"":""2024-06-01"",""squat"":175,""beepTest"":13,""sprint40m"":5.3,""benchPress"":135,""verticalJump"":63}]","{""defense"":8,""kicking"":5,""passing"":6,""rucking"":8,""scrummaging"":8,""ballHandling"":7,""communication"":7,""lineoutThrowing"":8}","[{""tries"":1,""season"":""2024"",""tackles"":45,""penalties"":3,""turnovers"":3,""matchesPlayed"":13}]",,,,,,"[]","[]","[]","[]","{""fitness"":""available"",""medical"":""cleared"",""availability"":""available""}",,"""2025-06-19T08:56:14.149Z""","""2025-06-19T08:56:14.149Z"""
adrian_choat,"{""email"":""adrian.choat@northharbour.co.nz"",""phone"":""+64 21 5678901"",""address"":""North Harbour, Auckland"",""lastName"":""Choat"",""firstName"":""Adrian"",""dateOfBirth"":""1996-11-18"",""emergencyContact"":{""name"":""Emergency Contact"",""phone"":""+64 21 5678902"",""relationship"":""Family""}}","{""yearsInTeam"":3,""jerseyNumber"":23,""playingLevel"":""Professional"",""previousClubs"":[""Chiefs"",""Taranaki""],""primaryPosition"":""Flanker"",""secondaryPositions"":[]}","[{""date"":""2024-06-01"",""height"":186,""weight"":98,""bodyFat"":9,""muscleMass"":89}]","[{""date"":""2024-06-01"",""squat"":162,""beepTest"":15,""sprint40m"":4.9,""benchPress"":122,""verticalJump"":64}]","{""defense"":9,""kicking"":6,""passing"":7,""rucking"":9,""scrummaging"":7,""ballHandling"":8,""communication"":8,""lineoutThrowing"":6}","[{""tries"":4,""season"":""2024"",""tackles"":58,""penalties"":2,""turnovers"":7,""matchesPlayed"":16}]",,,,,,"[]","[]","[]","[]","{""fitness"":""available"",""medical"":""cleared"",""availability"":""available""}",,"""2025-06-19T08:56:14.149Z""","""2025-06-19T08:56:14.149Z"""
bryce_heem,"{""email"":""bryce.heem@northharbour.co.nz"",""phone"":""+64 21 6789012"",""address"":""North Harbour, Auckland"",""lastName"":""Heem"",""firstName"":""Bryce"",""dateOfBirth"":""1989-09-23"",""emergencyContact"":{""name"":""Emergency Contact"",""phone"":""+64 21 6789013"",""relationship"":""Family""}}","{""yearsInTeam"":6,""jerseyNumber"":13,""playingLevel"":""Professional"",""previousClubs"":[""Chiefs"",""Worcester Warriors""],""primaryPosition"":""Centre"",""secondaryPositions"":[""Wing""]}","[{""date"":""2024-06-01"",""height"":184,""weight"":90,""bodyFat"":8,""muscleMass"":82}]","[{""date"":""2024-06-01"",""squat"":145,""beepTest"":15,""sprint40m"":4.6,""benchPress"":105,""verticalJump"":68}]","{""defense"":8,""kicking"":7,""passing"":8,""rucking"":7,""scrummaging"":6,""ballHandling"":9,""communication"":8,""lineoutThrowing"":5}","[{""tries"":6,""season"":""2024"",""tackles"":42,""penalties"":2,""turnovers"":3,""matchesPlayed"":14}]",,,,,,"[]","[]","[]","[]","{""fitness"":""available"",""medical"":""cleared"",""availability"":""available""}",,"""2025-06-19T08:56:14.149Z""","""2025-06-19T08:56:14.149Z"""
aj_lam,"{""email"":""aj.lam@northharbour.co.nz"",""phone"":""+64 21 7890123"",""address"":""North Harbour, Auckland"",""lastName"":""Lam"",""firstName"":""AJ"",""dateOfBirth"":""1998-01-14"",""emergencyContact"":{""name"":""Emergency Contact"",""phone"":""+64 21 7890124"",""relationship"":""Family""}}","{""yearsInTeam"":2,""jerseyNumber"":24,""playingLevel"":""Professional"",""previousClubs"":[""Blues"",""Auckland""],""primaryPosition"":""Centre"",""secondaryPositions"":[""Wing""]}","[{""date"":""2024-06-01"",""height"":180,""weight"":88,""bodyFat"":8,""muscleMass"":80}]","[{""date"":""2024-06-01"",""squat"":140,""beepTest"":16,""sprint40m"":4.5,""benchPress"":100,""verticalJump"":66}]","{""defense"":8,""kicking"":6,""passing"":9,""rucking"":7,""scrummaging"":6,""ballHandling"":9,""communication"":8,""lineoutThrowing"":5}","[{""tries"":5,""season"":""2024"",""tackles"":35,""penalties"":1,""turnovers"":2,""matchesPlayed"":11}]",,,,,,"[]","[]","[]","[]","{""fitness"":""available"",""medical"":""cleared"",""availability"":""available""}",,"""2025-06-19T08:56:14.149Z""","""2025-06-19T08:56:14.149Z"""
tanielu_tele_a,"{""email"":""tanielu.telea@northharbour.co.nz"",""phone"":""+64 21 8901234"",""address"":""North Harbour, Auckland"",""lastName"":""Tele a"",""firstName"":""Tanielu"",""dateOfBirth"":""1996-05-30"",""emergencyContact"":{""name"":""Emergency Contact"",""phone"":""+64 21 8901235"",""relationship"":""Family""}}","{""yearsInTeam"":3,""jerseyNumber"":25,""playingLevel"":""Professional"",""previousClubs"":[""Blues"",""Auckland""],""primaryPosition"":""Scrum-half"",""secondaryPositions"":[]}","[{""date"":""2024-06-01"",""height"":178,""weight"":80,""bodyFat"":7,""muscleMass"":74}]","[{""date"":""2024-06-01"",""squat"":128,""beepTest"":17,""sprint40m"":4.3,""benchPress"":88,""verticalJump"":60}]","{""defense"":7,""kicking"":7,""passing"":9,""rucking"":7,""scrummaging"":6,""ballHandling"":9,""communication"":9,""lineoutThrowing"":5}","[{""tries"":3,""season"":""2024"",""tackles"":28,""penalties"":1,""turnovers"":3,""matchesPlayed"":10}]",,,,,,"[]","[]","[]","[]","{""fitness"":""available"",""medical"":""cleared"",""availability"":""available""}",,"""2025-06-19T08:56:14.149Z""","""2025-06-19T08:56:14.149Z"""
zarn_sullivan,"{""email"":""zarn.sullivan@northharbour.co.nz"",""phone"":""+64 21 9012345"",""address"":""North Harbour, Auckland"",""lastName"":""Sullivan"",""firstName"":""Zarn"",""dateOfBirth"":""2001-08-19"",""emergencyContact"":{""name"":""Emergency Contact"",""phone"":""+64 21 9012346"",""relationship"":""Family""}}","{""yearsInTeam"":1,""jerseyNumber"":26,""playingLevel"":""Professional"",""previousClubs"":[""Blues"",""Auckland""],""primaryPosition"":""Fullback"",""secondaryPositions"":[""Wing""]}","[{""date"":""2024-06-01"",""height"":181,""weight"":85,""bodyFat"":7,""muscleMass"":78}]","[{""date"":""2024-06-01"",""squat"":132,""beepTest"":18,""sprint40m"":4.4,""benchPress"":92,""verticalJump"":69}]","{""defense"":7,""kicking"":8,""passing"":8,""rucking"":6,""scrummaging"":5,""ballHandling"":9,""communication"":7,""lineoutThrowing"":5}","[{""tries"":3,""season"":""2024"",""tackles"":22,""penalties"":0,""turnovers"":2,""matchesPlayed"":8}]",,,,,,"[]","[]","[]","[]","{""fitness"":""available"",""medical"":""cleared"",""availability"":""available""}",,"""2025-06-19T08:56:14.149Z""","""2025-06-19T08:56:14.149Z"""
blake_gibson,"{""email"":""blake.gibson@northharbour.co.nz"",""phone"":""+64 21 1234567"",""address"":""North Harbour, Auckland"",""lastName"":""Gibson"",""firstName"":""Blake"",""dateOfBirth"":""1995-02-11"",""emergencyContact"":{""name"":""Emergency Contact"",""phone"":""+64 21 1234568"",""relationship"":""Family""}}","{""yearsInTeam"":6,""jerseyNumber"":27,""playingLevel"":""International"",""previousClubs"":[""Blues"",""Auckland""],""primaryPosition"":""Flanker"",""secondaryPositions"":[""Number 8""]}","[{""date"":""2024-06-01"",""height"":189,""weight"":102,""bodyFat"":9,""muscleMass"":93}]","[{""date"":""2024-06-01"",""squat"":168,""beepTest"":15,""sprint40m"":4.8,""benchPress"":128,""verticalJump"":67}]","{""defense"":9,""kicking"":6,""passing"":8,""rucking"":9,""scrummaging"":7,""ballHandling"":8,""communication"":8,""lineoutThrowing"":6}","[{""tries"":5,""season"":""2024"",""tackles"":65,""penalties"":3,""turnovers"":6,""matchesPlayed"":17}]",,,,,,"[]","[]","[]","[]","{""fitness"":""available"",""medical"":""cleared"",""availability"":""available""}",,"""2025-06-19T08:56:14.149Z""","""2025-06-19T08:56:14.149Z"""
cameron_suafoa,"{""email"":""cameron.suafoa@northharbour.co.nz"",""phone"":""+64 21 2345678"",""address"":""North Harbour, Auckland"",""lastName"":""Suafoa"",""firstName"":""Cameron"",""dateOfBirth"":""1999-03-07"",""emergencyContact"":{""name"":""Emergency Contact"",""phone"":""+64 21 2345679"",""relationship"":""Family""}}","{""yearsInTeam"":2,""jerseyNumber"":28,""playingLevel"":""Professional"",""previousClubs"":[""Blues"",""Auckland""],""primaryPosition"":""Flanker"",""secondaryPositions"":[]}","[{""date"":""2024-06-01"",""height"":187,""weight"":96,""bodyFat"":8,""muscleMass"":88}]","[{""date"":""2024-06-01"",""squat"":160,""beepTest"":15,""sprint40m"":4.9,""benchPress"":120,""verticalJump"":63}]","{""defense"":8,""kicking"":5,""passing"":7,""rucking"":8,""scrummaging"":7,""ballHandling"":8,""communication"":7,""lineoutThrowing"":6}","[{""tries"":3,""season"":""2024"",""tackles"":48,""penalties"":2,""turnovers"":5,""matchesPlayed"":12}]",,,,,,"[]","[]","[]","[]","{""fitness"":""available"",""medical"":""cleared"",""availability"":""available""}",,"""2025-06-19T08:56:47.947Z""","""2025-06-19T08:56:47.947Z"""
jarred_adams,"{""email"":""jarred.adams@northharbour.co.nz"",""phone"":""+64 21 3456789"",""address"":""North Harbour, Auckland"",""lastName"":""Adams"",""firstName"":""Jarred"",""dateOfBirth"":""1998-07-12"",""emergencyContact"":{""name"":""Emergency Contact"",""phone"":""+64 21 3456790"",""relationship"":""Family""}}","{""yearsInTeam"":3,""jerseyNumber"":29,""playingLevel"":""Professional"",""previousClubs"":[""Blues"",""North Harbour""],""primaryPosition"":""Lock"",""secondaryPositions"":[]}","[{""date"":""2024-06-01"",""height"":201,""weight"":112,""bodyFat"":11,""muscleMass"":99}]","[{""date"":""2024-06-01"",""squat"":178,""beepTest"":12,""sprint40m"":5.4,""benchPress"":138,""verticalJump"":61}]","{""defense"":7,""kicking"":5,""passing"":6,""rucking"":8,""scrummaging"":8,""ballHandling"":7,""communication"":7,""lineoutThrowing"":8}","[{""tries"":1,""season"":""2024"",""tackles"":41,""penalties"":4,""turnovers"":2,""matchesPlayed"":11}]",,,,,,"[]","[]","[]","[]","{""fitness"":""available"",""medical"":""cleared"",""availability"":""available""}",,"""2025-06-19T08:56:47.947Z""","""2025-06-19T08:56:47.947Z"""
marcel_renata,"{""email"":""marcel.renata@northharbour.co.nz"",""phone"":""+64 21 4567890"",""address"":""North Harbour, Auckland"",""lastName"":""Renata"",""firstName"":""Marcel"",""dateOfBirth"":""1997-10-28"",""emergencyContact"":{""name"":""Emergency Contact"",""phone"":""+64 21 4567891"",""relationship"":""Family""}}","{""yearsInTeam"":2,""jerseyNumber"":30,""playingLevel"":""Professional"",""previousClubs"":[""Blues"",""Auckland""],""primaryPosition"":""Wing"",""secondaryPositions"":[]}","[{""date"":""2024-06-01"",""height"":182,""weight"":89,""bodyFat"":7,""muscleMass"":82}]","[{""date"":""2024-06-01"",""squat"":142,""beepTest"":16,""sprint40m"":4.4,""benchPress"":102,""verticalJump"":71}]","{""defense"":8,""kicking"":6,""passing"":8,""rucking"":7,""scrummaging"":6,""ballHandling"":9,""communication"":7,""lineoutThrowing"":5}","[{""tries"":7,""season"":""2024"",""tackles"":33,""penalties"":1,""turnovers"":3,""matchesPlayed"":13}]",,,,,,"[]","[]","[]","[]","{""fitness"":""available"",""medical"":""cleared"",""availability"":""available""}",,"""2025-06-19T08:56:47.947Z""","""2025-06-19T08:56:47.947Z"""
rayasi_rayasi,"{""email"":""rayasi.rayasi@northharbour.co.nz"",""phone"":""+64 21 5678901"",""address"":""North Harbour, Auckland"",""lastName"":""Rayasi"",""firstName"":""Rayasi"",""dateOfBirth"":""1999-12-03"",""emergencyContact"":{""name"":""Emergency Contact"",""phone"":""+64 21 5678902"",""relationship"":""Family""}}","{""yearsInTeam"":1,""jerseyNumber"":31,""playingLevel"":""Professional"",""previousClubs"":[""Blues"",""Auckland""],""primaryPosition"":""Wing"",""secondaryPositions"":[]}","[{""date"":""2024-06-01"",""height"":179,""weight"":86,""bodyFat"":6,""muscleMass"":80}]","[{""date"":""2024-06-01"",""squat"":136,""beepTest"":17,""sprint40m"":4.3,""benchPress"":96,""verticalJump"":74}]","{""defense"":7,""kicking"":6,""passing"":8,""rucking"":7,""scrummaging"":5,""ballHandling"":9,""communication"":7,""lineoutThrowing"":5}","[{""tries"":4,""season"":""2024"",""tackles"":25,""penalties"":0,""turnovers"":2,""matchesPlayed"":9}]",,,,,,"[]","[]","[]","[]","{""fitness"":""available"",""medical"":""cleared"",""availability"":""available""}",,"""2025-06-19T08:56:47.947Z""","""2025-06-19T08:56:47.947Z"""
aisea_halo,"{""email"":""aisea.halo@northharbour.co.nz"",""phone"":""+64 21 6789012"",""address"":""North Harbour, Auckland"",""lastName"":""Halo"",""firstName"":""Aisea"",""dateOfBirth"":""1996-04-15"",""emergencyContact"":{""name"":""Emergency Contact"",""phone"":""+64 21 6789013"",""relationship"":""Family""}}","{""yearsInTeam"":4,""jerseyNumber"":32,""playingLevel"":""Professional"",""previousClubs"":[""Blues"",""Auckland""],""primaryPosition"":""Prop"",""secondaryPositions"":[]}","[{""date"":""2024-06-01"",""height"":183,""weight"":116,""bodyFat"":13,""muscleMass"":101}]","[{""date"":""2024-06-01"",""squat"":182,""beepTest"":11,""sprint40m"":5.5,""benchPress"":142,""verticalJump"":52}]","{""defense"":8,""kicking"":4,""passing"":6,""rucking"":8,""scrummaging"":9,""ballHandling"":6,""communication"":6,""lineoutThrowing"":5}","[{""tries"":0,""season"":""2024"",""tackles"":36,""penalties"":5,""turnovers"":1,""matchesPlayed"":12}]",,,,,,"[]","[]","[]","[]","{""fitness"":""available"",""medical"":""cleared"",""availability"":""available""}",,"""2025-06-19T08:56:47.947Z""","""2025-06-19T08:56:47.947Z"""
lotu_inisi,"{""email"":""lotu.inisi@northharbour.co.nz"",""phone"":""+64 21 7890123"",""address"":""North Harbour, Auckland"",""lastName"":""Inisi"",""firstName"":""Lotu"",""dateOfBirth"":""1999-03-22"",""emergencyContact"":{""name"":""Emergency Contact"",""phone"":""+64 21 7890124"",""relationship"":""Family""}}","{""yearsInTeam"":1,""jerseyNumber"":33,""playingLevel"":""Professional"",""previousClubs"":[""Blues"",""Auckland""],""primaryPosition"":""Centre"",""secondaryPositions"":[]}","[{""date"":""2024-06-01"",""height"":185,""weight"":91,""bodyFat"":8,""muscleMass"":83}]","[{""date"":""2024-06-01"",""squat"":148,""beepTest"":15,""sprint40m"":4.7,""benchPress"":108,""verticalJump"":65}]","{""defense"":7,""kicking"":6,""passing"":8,""rucking"":7,""scrummaging"":6,""ballHandling"":8,""communication"":7,""lineoutThrowing"":5}","[{""tries"":5,""season"":""2024"",""tackles"":41,""penalties"":2,""turnovers"":3,""matchesPlayed"":9}]",,,,,,"[]","[]","[]","[]","{""fitness"":""available"",""medical"":""cleared"",""availability"":""available""}",,"""2025-06-19T08:56:47.947Z""","""2025-06-19T08:56:47.947Z"""
ethan_blackadder,"{""email"":""ethan.blackadder@northharbour.co.nz"",""phone"":""+64 21 8901234"",""address"":""North Harbour, Auckland"",""lastName"":""Blackadder"",""firstName"":""Ethan"",""dateOfBirth"":""1995-08-09"",""emergencyContact"":{""name"":""Emergency Contact"",""phone"":""+64 21 8901235"",""relationship"":""Family""}}","{""yearsInTeam"":2,""jerseyNumber"":34,""playingLevel"":""International"",""previousClubs"":[""Crusaders"",""Canterbury""],""primaryPosition"":""Flanker"",""secondaryPositions"":[""Number 8""]}","[{""date"":""2024-06-01"",""height"":191,""weight"":104,""bodyFat"":9,""muscleMass"":95}]","[{""date"":""2024-06-01"",""squat"":170,""beepTest"":15,""sprint40m"":4.8,""benchPress"":130,""verticalJump"":66}]","{""defense"":9,""kicking"":6,""passing"":7,""rucking"":9,""scrummaging"":8,""ballHandling"":8,""communication"":8,""lineoutThrowing"":6}","[{""tries"":4,""season"":""2024"",""tackles"":68,""penalties"":3,""turnovers"":7,""matchesPlayed"":18}]",,,,,,"[]","[]","[]","[]","{""fitness"":""available"",""medical"":""cleared"",""availability"":""available""}",,"""2025-06-19T08:57:27.644Z""","""2025-06-19T08:57:27.644Z"""
sam_nock,"{""email"":""sam.nock@northharbour.co.nz"",""phone"":""+64 21 9012345"",""address"":""North Harbour, Auckland"",""lastName"":""Nock"",""firstName"":""Sam"",""dateOfBirth"":""1997-11-25"",""emergencyContact"":{""name"":""Emergency Contact"",""phone"":""+64 21 9012346"",""relationship"":""Family""}}","{""yearsInTeam"":3,""jerseyNumber"":35,""playingLevel"":""Professional"",""previousClubs"":[""Blues"",""Auckland""],""primaryPosition"":""Scrum-half"",""secondaryPositions"":[]}","[{""date"":""2024-06-01"",""height"":177,""weight"":79,""bodyFat"":7,""muscleMass"":73}]","[{""date"":""2024-06-01"",""squat"":126,""beepTest"":17,""sprint40m"":4.3,""benchPress"":86,""verticalJump"":61}]","{""defense"":7,""kicking"":7,""passing"":9,""rucking"":7,""scrummaging"":6,""ballHandling"":9,""communication"":9,""lineoutThrowing"":5}","[{""tries"":3,""season"":""2024"",""tackles"":30,""penalties"":1,""turnovers"":2,""matchesPlayed"":14}]",,,,,,"[]","[]","[]","[]","{""fitness"":""available"",""medical"":""cleared"",""availability"":""available""}",,"""2025-06-19T08:57:27.644Z""","""2025-06-19T08:57:27.644Z"""
harry_plummer,"{""email"":""harry.plummer@northharbour.co.nz"",""phone"":""+64 21 1234567"",""address"":""North Harbour, Auckland"",""lastName"":""Plummer"",""firstName"":""Harry"",""dateOfBirth"":""1999-05-17"",""emergencyContact"":{""name"":""Emergency Contact"",""phone"":""+64 21 1234568"",""relationship"":""Family""}}","{""yearsInTeam"":2,""jerseyNumber"":36,""playingLevel"":""Professional"",""previousClubs"":[""Blues"",""Auckland""],""primaryPosition"":""Fly-half"",""secondaryPositions"":[""Centre""]}","[{""date"":""2024-06-01"",""height"":182,""weight"":83,""bodyFat"":7,""muscleMass"":76}]","[{""date"":""2024-06-01"",""squat"":134,""beepTest"":16,""sprint40m"":4.6,""benchPress"":94,""verticalJump"":64}]","{""defense"":7,""kicking"":9,""passing"":9,""rucking"":6,""scrummaging"":5,""ballHandling"":9,""communication"":9,""lineoutThrowing"":5}","[{""tries"":4,""season"":""2024"",""tackles"":26,""penalties"":1,""turnovers"":1,""matchesPlayed"":11}]",,,,,,"[]","[]","[]","[]","{""fitness"":""available"",""medical"":""cleared"",""availability"":""available""}",,"""2025-06-19T08:57:27.644Z""","""2025-06-19T08:57:27.644Z"""
connor_garden_bachop,"{""email"":""connor.garden-bachop@northharbour.co.nz"",""phone"":""+64 21 2345678"",""address"":""North Harbour, Auckland"",""lastName"":""Garden-Bachop"",""firstName"":""Connor"",""dateOfBirth"":""1998-09-08"",""emergencyContact"":{""name"":""Emergency Contact"",""phone"":""+64 21 2345679"",""relationship"":""Family""}}","{""yearsInTeam"":1,""jerseyNumber"":37,""playingLevel"":""Professional"",""previousClubs"":[""Highlanders"",""Wellington""],""primaryPosition"":""Centre"",""secondaryPositions"":[""Wing""]}","[{""date"":""2024-06-01"",""height"":183,""weight"":89,""bodyFat"":8,""muscleMass"":81}]","[{""date"":""2024-06-01"",""squat"":143,""beepTest"":15,""sprint40m"":4.5,""benchPress"":103,""verticalJump"":67}]","{""defense"":8,""kicking"":7,""passing"":8,""rucking"":7,""scrummaging"":6,""ballHandling"":9,""communication"":8,""lineoutThrowing"":5}","[{""tries"":6,""season"":""2024"",""tackles"":38,""penalties"":1,""turnovers"":2,""matchesPlayed"":12}]",,,,,,"[]","[]","[]","[]","{""fitness"":""available"",""medical"":""cleared"",""availability"":""available""}",,"""2025-06-19T08:57:27.644Z""","""2025-06-19T08:57:27.644Z"""
james_parsons,"{""email"":""james.parsons@northharbour.co.nz"",""phone"":""+64 21 3456789"",""address"":""North Harbour, Auckland"",""lastName"":""Parsons"",""firstName"":""James"",""dateOfBirth"":""1987-06-13"",""emergencyContact"":{""name"":""Emergency Contact"",""phone"":""+64 21 3456790"",""relationship"":""Family""}}","{""yearsInTeam"":10,""jerseyNumber"":38,""playingLevel"":""International"",""previousClubs"":[""Blues"",""Auckland""],""primaryPosition"":""Hooker"",""secondaryPositions"":[]}","[{""date"":""2024-06-01"",""height"":186,""weight"":100,""bodyFat"":12,""muscleMass"":88}]","[{""date"":""2024-06-01"",""squat"":165,""beepTest"":13,""sprint40m"":5.3,""benchPress"":125,""verticalJump"":55}]","{""defense"":8,""kicking"":6,""passing"":7,""rucking"":8,""scrummaging"":8,""ballHandling"":8,""communication"":10,""lineoutThrowing"":9}","[{""tries"":2,""season"":""2024"",""tackles"":42,""penalties"":3,""turnovers"":3,""matchesPlayed"":15}]",,,,,,"[]","[]","[]","[]","{""fitness"":""available"",""medical"":""cleared"",""availability"":""available""}",,"""2025-06-19T08:57:27.644Z""","""2025-06-19T08:57:27.644Z"""
luke_romano,"{""email"":""luke.romano@northharbour.co.nz"",""phone"":""+64 21 4567890"",""address"":""North Harbour, Auckland"",""lastName"":""Romano"",""firstName"":""Luke"",""dateOfBirth"":""1991-12-01"",""emergencyContact"":{""name"":""Emergency Contact"",""phone"":""+64 21 4567891"",""relationship"":""Family""}}","{""yearsInTeam"":1,""jerseyNumber"":39,""playingLevel"":""International"",""previousClubs"":[""Crusaders"",""Racing 92""],""primaryPosition"":""Lock"",""secondaryPositions"":[]}","[{""date"":""2024-06-01"",""height"":205,""weight"":114,""bodyFat"":11,""muscleMass"":101}]","[{""date"":""2024-06-01"",""squat"":180,""beepTest"":12,""sprint40m"":5.5,""benchPress"":140,""verticalJump"":69}]","{""defense"":8,""kicking"":5,""passing"":6,""rucking"":8,""scrummaging"":9,""ballHandling"":7,""communication"":8,""lineoutThrowing"":9}","[{""tries"":1,""season"":""2024"",""tackles"":46,""penalties"":4,""turnovers"":2,""matchesPlayed"":10}]",,,,,,"[]","[]","[]","[]","{""fitness"":""available"",""medical"":""cleared"",""availability"":""available""}",,"""2025-06-19T08:57:27.644Z""","""2025-06-19T08:57:27.644Z"""
rico_simpson,"{""email"":""rico.simpson@northharbour.co.nz"",""phone"":""+64 21 5678901"",""address"":""North Harbour, Auckland"",""lastName"":""Simpson"",""firstName"":""Rico"",""dateOfBirth"":""2000-01-29"",""emergencyContact"":{""name"":""Emergency Contact"",""phone"":""+64 21 5678902"",""relationship"":""Family""}}","{""yearsInTeam"":1,""jerseyNumber"":40,""playingLevel"":""Development"",""previousClubs"":[""North Harbour Academy""],""primaryPosition"":""Wing"",""secondaryPositions"":[]}","[{""date"":""2024-06-01"",""height"":180,""weight"":85,""bodyFat"":6,""muscleMass"":79}]","[{""date"":""2024-06-01"",""squat"":130,""beepTest"":18,""sprint40m"":4.2,""benchPress"":90,""verticalJump"":72}]","{""defense"":7,""kicking"":6,""passing"":7,""rucking"":6,""scrummaging"":5,""ballHandling"":8,""communication"":7,""lineoutThrowing"":5}","[{""tries"":2,""season"":""2024"",""tackles"":18,""penalties"":0,""turnovers"":1,""matchesPlayed"":5}]",,,,,,"[]","[]","[]","[]","{""fitness"":""available"",""medical"":""cleared"",""availability"":""available""}",,"""2025-06-19T08:57:27.644Z""","""2025-06-19T08:57:27.644Z"""